{
  "IcoMoonType": "selection",
  "icons": [
    {
      "icon": {
        "paths": [
          "M810 554h-256v256h-84v-256h-256v-84h256v-256h84v256h256v84z"
        ],
        "attrs": [],
        "isMulticolor": false,
        "isMulticolor2": false,
        "tags": [
          "add"
        ],
        "defaultCode": 57669,
        "grid": 24
      },
      "attrs": [],
      "properties": {
        "ligatures": "add",
        "id": 12,
        "order": 33,
        "prevSize": 24,
        "code": 57669,
        "name": "add"
      },
      "setIdx": 0,
      "setId": 2,
      "iconIdx": 12
    },
    {
      "icon": {
        "paths": [
          "M800 330c34 52 54 116 54 182 0 188-154 342-342 342v128l-170-172 170-170v128c142 0 256-114 256-256 0-44-12-84-30-120zM512 256c-142 0-256 114-256 256 0 44 10 84 30 120l-62 62c-34-52-54-116-54-182 0-188 154-342 342-342v-128l170 172-170 170v-128z"
        ],
        "attrs": [],
        "isMulticolor": false,
        "isMulticolor2": false,
        "tags": [
          "autorenew"
        ],
        "defaultCode": 59491,
        "grid": 24
      },
      "attrs": [],
      "properties": {
        "ligatures": "autorenew",
        "id": 67,
        "order": 17,
        "prevSize": 24,
        "name": "autorenew",
        "code": 59491
      },
      "setIdx": 0,
      "setId": 2,
      "iconIdx": 67
    },
    {
      "icon": {
        "paths": [
          "M884 300l-78 78-160-160 78-78c16-16 44-16 60 0l100 100c16 16 16 44 0 60zM128 736l472-472 160 160-472 472h-160v-160z"
        ],
        "attrs": [],
        "isMulticolor": false,
        "isMulticolor2": false,
        "tags": [
          "mode_edit"
        ],
        "defaultCode": 57940,
        "grid": 24
      },
      "attrs": [],
      "properties": {
        "ligatures": "create, edit, mode_edit",
        "id": 184,
        "order": 18,
        "prevSize": 24,
        "name": "mode_edit",
        "code": 57940
      },
      "setIdx": 0,
      "setId": 2,
      "iconIdx": 184
    },
    {
      "icon": {
        "paths": [
          "M316 334l196 196 196-196 60 60-256 256-256-256z"
        ],
        "attrs": [],
        "isMulticolor": false,
        "isMulticolor2": false,
        "tags": [
          "keyboard_arrow_down"
        ],
        "defaultCode": 58131,
        "grid": 24
      },
      "attrs": [],
      "properties": {
        "ligatures": "keyboard_arrow_down",
        "id": 411,
        "order": 19,
        "prevSize": 24,
        "name": "keyboard_arrow_down",
        "code": 58131
      },
      "setIdx": 0,
      "setId": 2,
      "iconIdx": 411
    },
    {
      "icon": {
        "paths": [
          "M658 686l-60 60-256-256 256-256 60 60-196 196z"
        ],
        "attrs": [],
        "isMulticolor": false,
        "isMulticolor2": false,
        "tags": [
          "keyboard_arrow_left"
        ],
        "defaultCode": 58132,
        "grid": 24
      },
      "attrs": [],
      "properties": {
        "ligatures": "keyboard_arrow_left",
        "id": 412,
        "order": 20,
        "prevSize": 24,
        "name": "keyboard_arrow_left",
        "code": 58132
      },
      "setIdx": 0,
      "setId": 2,
      "iconIdx": 412
    },
    {
      "icon": {
        "paths": [
          "M366 698l196-196-196-196 60-60 256 256-256 256z"
        ],
        "attrs": [],
        "isMulticolor": false,
        "isMulticolor2": false,
        "tags": [
          "keyboard_arrow_right"
        ],
        "defaultCode": 58133,
        "grid": 24
      },
      "attrs": [],
      "properties": {
        "ligatures": "keyboard_arrow_right",
        "id": 413,
        "order": 21,
        "prevSize": 24,
        "name": "keyboard_arrow_right",
        "code": 58133
      },
      "setIdx": 0,
      "setId": 2,
      "iconIdx": 413
    },
    {
      "icon": {
        "paths": [
          "M316 658l-60-60 256-256 256 256-60 60-196-196z"
        ],
        "attrs": [],
        "isMulticolor": false,
        "isMulticolor2": false,
        "tags": [
          "keyboard_arrow_up"
        ],
        "defaultCode": 58134,
        "grid": 24
      },
      "attrs": [],
      "properties": {
        "ligatures": "keyboard_arrow_up",
        "id": 414,
        "order": 22,
        "prevSize": 24,
        "name": "keyboard_arrow_up",
        "code": 58134
      },
      "setIdx": 0,
      "setId": 2,
      "iconIdx": 414
    },
    {
      "icon": {
        "paths": [
          "M512 768v-128l170 170-170 172v-128c-188 0-342-154-342-342 0-66 20-130 54-182l62 62c-20 36-30 76-30 120 0 142 114 256 256 256zM512 170c188 0 342 154 342 342 0 66-20 130-54 182l-62-62c20-36 30-76 30-120 0-142-114-256-256-256v128l-170-170 170-172v128z"
        ],
        "attrs": [],
        "isMulticolor": false,
        "isMulticolor2": false,
        "tags": [
          "sync"
        ],
        "defaultCode": 58919,
        "grid": 24
      },
      "attrs": [],
      "properties": {
        "ligatures": "loop, sync",
        "id": 481,
        "order": 24,
        "prevSize": 24,
        "name": "sync",
        "code": 58919
      },
      "setIdx": 0,
      "setId": 2,
      "iconIdx": 481
    },
    {
      "icon": {
        "paths": [
          "M598 214h170v596h-170v-596zM256 810v-596h170v596h-170z"
        ],
        "attrs": [],
        "isMulticolor": false,
        "isMulticolor2": false,
        "tags": [
          "pause"
        ],
        "defaultCode": 57396,
        "grid": 24
      },
      "attrs": [],
      "properties": {
        "ligatures": "pause",
        "id": 545,
        "order": 8,
        "prevSize": 24,
        "name": "pause",
        "code": 57396
      },
      "setIdx": 0,
      "setId": 2,
      "iconIdx": 545
    },
    {
      "icon": {
        "paths": [
          "M342 214l468 298-468 298v-596z"
        ],
        "attrs": [],
        "isMulticolor": false,
        "isMulticolor2": false,
        "tags": [
          "play_arrow"
        ],
        "defaultCode": 57399,
        "grid": 24
      },
      "attrs": [],
      "properties": {
        "ligatures": "play_arrow",
        "id": 587,
        "order": 9,
        "prevSize": 24,
        "name": "play_arrow",
        "code": 57399
      },
      "setIdx": 0,
      "setId": 2,
      "iconIdx": 587
    },
    {
      "icon": {
        "paths": [
          "M760 220c82 70 136 176 136 292 0 212-172 384-384 384s-384-172-384-384c0-116 54-222 136-292l60 60c-66 54-110 138-110 232 0 166 132 298 298 298s298-132 298-298c0-94-42-176-110-230zM554 128v426h-84v-426h84z"
        ],
        "attrs": [],
        "isMulticolor": false,
        "isMulticolor2": false,
        "tags": [
          "power_settings_new"
        ],
        "defaultCode": 59564,
        "grid": 24
      },
      "attrs": [],
      "properties": {
        "ligatures": "power_settings_new",
        "id": 601,
        "order": 25,
        "prevSize": 24,
        "name": "power_settings_new",
        "code": 59564
      },
      "setIdx": 0,
      "setId": 2,
      "iconIdx": 601
    },
    {
      "icon": {
        "paths": [
          "M764 742c56-60 90-142 90-230 0-142-88-266-214-316v18c0 46-40 84-86 84h-84v86c0 24-20 42-44 42h-84v86h256c24 0 42 18 42 42v128h42c38 0 70 26 82 60zM470 850v-82c-46 0-86-40-86-86v-42l-204-204c-6 24-10 50-10 76 0 174 132 318 300 338zM512 86c236 0 426 190 426 426s-190 426-426 426-426-190-426-426 190-426 426-426z"
        ],
        "attrs": [],
        "isMulticolor": false,
        "isMulticolor2": false,
        "tags": [
          "public"
        ],
        "defaultCode": 59403,
        "grid": 24
      },
      "attrs": [],
      "properties": {
        "ligatures": "public",
        "id": 605,
        "order": 28,
        "prevSize": 24,
        "name": "public",
        "code": 59403
      },
      "setIdx": 0,
      "setId": 2,
      "iconIdx": 605
    },
    {
      "icon": {
        "paths": [
          "M726 256h212v86h-128v384c0 70-58 128-128 128s-128-58-128-128 58-128 128-128c14 0 30 4 44 8v-350zM128 682v-84h342v84h-342zM640 426v86h-512v-86h512zM640 256v86h-512v-86h512z"
        ],
        "attrs": [],
        "isMulticolor": false,
        "isMulticolor2": false,
        "tags": [
          "queue_music"
        ],
        "defaultCode": 57405,
        "grid": 24
      },
      "attrs": [],
      "properties": {
        "ligatures": "queue_music",
        "id": 607,
        "order": 27,
        "prevSize": 24,
        "name": "queue_music",
        "code": 57405
      },
      "setIdx": 0,
      "setId": 2,
      "iconIdx": 607
    },
    {
      "icon": {
        "paths": [
          "M810 554h-596v-84h596v84z"
        ],
        "attrs": [],
        "isMulticolor": false,
        "isMulticolor2": false,
        "tags": [
          "remove"
        ],
        "defaultCode": 57691,
        "grid": 24
      },
      "attrs": [],
      "properties": {
        "ligatures": "remove",
        "id": 617,
        "order": 32,
        "prevSize": 24,
        "code": 57691,
        "name": "remove"
      },
      "setIdx": 0,
      "setId": 2,
      "iconIdx": 617
    },
    {
      "icon": {
        "paths": [
          "M512 662c82 0 150-68 150-150s-68-150-150-150-150 68-150 150 68 150 150 150zM830 554l90 70c8 6 10 18 4 28l-86 148c-6 10-16 12-26 8l-106-42c-22 16-46 32-72 42l-16 112c-2 10-10 18-20 18h-172c-10 0-18-8-20-18l-16-112c-26-10-50-24-72-42l-106 42c-10 4-20 2-26-8l-86-148c-6-10-4-22 4-28l90-70c-2-14-2-28-2-42s0-28 2-42l-90-70c-8-6-10-18-4-28l86-148c6-10 16-12 26-8l106 42c22-16 46-32 72-42l16-112c2-10 10-18 20-18h172c10 0 18 8 20 18l16 112c26 10 50 24 72 42l106-42c10-4 20-2 26 8l86 148c6 10 4 22-4 28l-90 70c2 14 2 28 2 42s0 28-2 42z"
        ],
        "attrs": [],
        "isMulticolor": false,
        "isMulticolor2": false,
        "tags": [
          "settings"
        ],
        "defaultCode": 59576,
        "grid": 24
      },
      "attrs": [],
      "properties": {
        "ligatures": "settings",
        "id": 664,
        "order": 30,
        "prevSize": 24,
        "name": "settings",
        "code": 59576
      },
      "setIdx": 0,
      "setId": 2,
      "iconIdx": 664
    },
    {
      "icon": {
        "paths": [
          "M682 256h86v512h-86v-512zM256 768v-512l362 256z"
        ],
        "attrs": [],
        "isMulticolor": false,
        "isMulticolor2": false,
        "tags": [
          "skip_next"
        ],
        "defaultCode": 57412,
        "grid": 24
      },
      "attrs": [],
      "properties": {
        "ligatures": "skip_next",
        "id": 697,
        "order": 10,
        "prevSize": 24,
        "name": "skip_next",
        "code": 57412
      },
      "setIdx": 0,
      "setId": 2,
      "iconIdx": 697
    },
    {
      "icon": {
        "paths": [
          "M406 512l362-256v512zM256 256h86v512h-86v-512z"
        ],
        "attrs": [],
        "isMulticolor": false,
        "isMulticolor2": false,
        "tags": [
          "skip_previous"
        ],
        "defaultCode": 57413,
        "grid": 24
      },
      "attrs": [],
      "properties": {
        "ligatures": "skip_previous",
        "id": 698,
        "order": 11,
        "prevSize": 24,
        "name": "skip_previous",
        "code": 57413
      },
      "setIdx": 0,
      "setId": 2,
      "iconIdx": 698
    },
    {
      "icon": {
        "paths": [
          "M256 256h512v512h-512v-512z"
        ],
        "attrs": [],
        "isMulticolor": false,
        "isMulticolor2": false,
        "tags": [
          "stop"
        ],
        "defaultCode": 57415,
        "grid": 24
      },
      "attrs": [],
      "properties": {
        "ligatures": "stop",
        "id": 720,
        "order": 12,
        "prevSize": 24,
        "name": "stop",
        "code": 57415
      },
      "setIdx": 0,
      "setId": 2,
      "iconIdx": 720
    },
    {
      "icon": {
        "paths": [
          "M214 384h170l214-214v684l-214-214h-170v-256zM790 512c0 76-44 140-108 172v-344c64 32 108 96 108 172z"
        ],
        "attrs": [],
        "isMulticolor": false,
        "isMulticolor2": false,
        "tags": [
          "volume_down"
        ],
        "defaultCode": 57421,
        "grid": 24
      },
      "attrs": [],
      "properties": {
        "ligatures": "volume_down",
        "id": 817,
        "order": 16,
        "prevSize": 24,
        "name": "volume_down",
        "code": 57421
      },
      "setIdx": 0,
      "setId": 2,
      "iconIdx": 817
    },
    {
      "icon": {
        "paths": [
          "M298 384h172l212-214v684l-212-214h-172v-256z"
        ],
        "attrs": [],
        "isMulticolor": false,
        "isMulticolor2": false,
        "tags": [
          "volume_mute"
        ],
        "defaultCode": 57422,
        "grid": 24
      },
      "attrs": [],
      "properties": {
        "ligatures": "volume_mute",
        "id": 818,
        "order": 15,
        "prevSize": 24,
        "name": "volume_mute",
        "code": 57422
      },
      "setIdx": 0,
      "setId": 2,
      "iconIdx": 818
    },
    {
      "icon": {
        "paths": [
          "M512 170v180l-90-90zM182 128l714 714-54 54-88-88c-46 36-98 64-156 78v-88c36-10 68-28 96-50l-182-182v288l-214-214h-170v-256h202l-202-202zM810 512c0-136-88-250-212-286v-88c172 38 298 192 298 374 0 64-16 126-44 178l-64-66c14-34 22-72 22-112zM704 512c0 10 0 18-2 26l-104-104v-94c64 32 106 96 106 172z"
        ],
        "attrs": [],
        "isMulticolor": false,
        "isMulticolor2": false,
        "tags": [
          "volume_off"
        ],
        "defaultCode": 57423,
        "grid": 24
      },
      "attrs": [],
      "properties": {
        "ligatures": "volume_off",
        "id": 819,
        "order": 13,
        "prevSize": 24,
        "name": "volume_off",
        "code": 57423
      },
      "setIdx": 0,
      "setId": 2,
      "iconIdx": 819
    },
    {
      "icon": {
        "paths": [
          "M598 138c172 38 298 192 298 374s-126 336-298 374v-88c124-36 212-150 212-286s-88-250-212-286v-88zM704 512c0 76-42 140-106 172v-344c64 32 106 96 106 172zM128 384h170l214-214v684l-214-214h-170v-256z"
        ],
        "attrs": [],
        "isMulticolor": false,
        "isMulticolor2": false,
        "tags": [
          "volume_up"
        ],
        "defaultCode": 57424,
        "grid": 24
      },
      "attrs": [],
      "properties": {
        "ligatures": "volume_up",
        "id": 820,
        "order": 14,
        "prevSize": 24,
        "name": "volume_up",
        "code": 57424
      },
      "setIdx": 0,
      "setId": 2,
      "iconIdx": 820
    },
    {
      "icon": {
        "paths": [
          "M500 810c114 0 204-90 204-204 0-60-8-116-24-172-44 58-122 94-198 110s-120 62-120 132c0 74 62 134 138 134zM576 28c166 134 278 340 278 570 0 188-154 340-342 340s-342-152-342-340c0-144 52-278 138-380v16c0 88 66 158 154 158s146-70 146-158c0-92-32-206-32-206z"
        ],
        "attrs": [],
        "isMulticolor": false,
        "isMulticolor2": false,
        "tags": [
          "whatshot"
        ],
        "defaultCode": 59406,
        "grid": 24
      },
      "attrs": [],
      "properties": {
        "ligatures": "whatshot",
        "id": 834,
        "order": 31,
        "prevSize": 24,
        "name": "whatshot",
        "code": 59406
      },
      "setIdx": 0,
      "setId": 2,
      "iconIdx": 834
    }
  ],
  "height": 1024,
  "metadata": {
    "name": "gwmpd"
  },
  "preferences": {
    "showGlyphs": true,
    "showQuickUse": true,
    "showQuickUse2": true,
    "showSVGs": true,
    "fontPref": {
      "prefix": "icon-",
      "metadata": {
        "fontFamily": "gwmpd",
        "majorVersion": 1,
        "minorVersion": 0
      },
      "metrics": {
        "emSize": 1024,
        "baseline": 6.25,
        "whitespace": 50
      },
      "embed": false,
      "autoHost": true,
      "cssVars": true,
      "cssVarsFormat": "scss",
      "showSelector": true,
      "showMetrics": false,
      "showMetadata": false,
      "showVersion": false,
      "selector": "",
      "classSelector": ".icon"
    },
    "imagePref": {
      "prefix": "icon-",
      "png": true,
      "useClassSelector": true,
      "color": 0,
      "bgColor": 16777215,
      "classSelector": ".icon",
      "name": "gwmpd",
      "height": 32,
      "columns": 16,
      "margin": 16
    },
    "historySize": 50,
    "showCodes": false,
    "gridSize": 16,
    "quickUsageToken": {
      "Gwmpd": "ZTUxYWZhOTBjODljZDI1NzQwZDUxZDEzM2Y1MGY1MTYjMSMxNTM3MDI5MjU2IyMj"
    },
    "showLiga": true
  }
}